timestamp,message,data
2025-07-05T03:59:05.865Z,"ðŸ“¹ Fetching raw video from Pexels","{""timestamp"":157.4050000011921}"
2025-07-05T03:59:05.865Z,"ðŸŽµ Fetching raw audio from Freesound","{""timestamp"":157.57499998807907}"
2025-07-05T03:59:05.865Z,"ðŸ“¹ Fetching raw video from Pexels","{""timestamp"":157.64000000059605}"
2025-07-05T03:59:05.865Z,"ðŸŽµ Fetching raw audio from Freesound","{""timestamp"":157.6850000023842}"
2025-07-05T03:59:05.865Z,"ðŸ“¹ Fetching raw video from Pexels","{""timestamp"":157.73499999940395}"
2025-07-05T03:59:05.865Z,"ðŸŽµ Fetching raw audio from Freesound","{""timestamp"":157.7800000011921}"
2025-07-05T03:59:05.865Z,"ðŸ“¹ Fetching raw video from Pexels","{""timestamp"":157.8349999934435}"
2025-07-05T03:59:05.865Z,"ðŸŽµ Fetching raw audio from Freesound","{""timestamp"":157.87999999523163}"
2025-07-05T03:59:05.865Z,"ðŸ“¹ Fetching raw video from Pexels","{""timestamp"":157.9299999922514}"
2025-07-05T03:59:05.866Z,"ðŸŽµ Fetching raw audio from Freesound","{""timestamp"":157.97499999403954}"
2025-07-05T03:59:05.866Z,"ðŸ“¹ Fetching raw video from Pexels","{""timestamp"":158.01999999582767}"
2025-07-05T03:59:05.866Z,"ðŸŽµ Fetching raw audio from Freesound","{""timestamp"":158.06999999284744}"
2025-07-05T03:59:05.866Z,"ðŸš€ ForeverMosh component mounted","{""timestamp"":""2025-07-05T03:59:05.866Z"",""userAgent"":""Mozilla/5.0 (Macintosh; Intel Mac OS X 10_15_7) AppleWebKit/537.36 (KHTML, like Gecko) Chrome/138.0.0.0 Safari/537.36""}"
2025-07-05T03:59:05.866Z,"ðŸ“¹ Fetching raw video from Pexels","{""timestamp"":158.48999999463558}"
2025-07-05T03:59:05.866Z,"ðŸŽµ Fetching raw audio from Freesound","{""timestamp"":158.54999999701977}"
2025-07-05T03:59:05.866Z,"ðŸ“¹ Fetching raw video from Pexels","{""timestamp"":158.59999999403954}"
2025-07-05T03:59:05.866Z,"ðŸŽµ Fetching raw audio from Freesound","{""timestamp"":158.64499999582767}"
2025-07-05T03:59:05.866Z,"ðŸ“¹ Fetching raw video from Pexels","{""timestamp"":158.69499999284744}"
2025-07-05T03:59:05.866Z,"ðŸŽµ Fetching raw audio from Freesound","{""timestamp"":158.73499999940395}"
2025-07-05T03:59:05.866Z,"ðŸ“¹ Fetching raw video from Pexels","{""timestamp"":158.78499999642372}"
2025-07-05T03:59:05.866Z,"ðŸŽµ Fetching raw audio from Freesound","{""timestamp"":158.82999999821186}"
2025-07-05T03:59:05.866Z,"ðŸ“¹ Fetching raw video from Pexels","{""timestamp"":158.875}"
2025-07-05T03:59:05.866Z,"ðŸŽµ Fetching raw audio from Freesound","{""timestamp"":158.92000000178814}"
2025-07-05T03:59:05.867Z,"ðŸ“¹ Fetching raw video from Pexels","{""timestamp"":158.9699999988079}"
2025-07-05T03:59:05.867Z,"ðŸŽµ Fetching raw audio from Freesound","{""timestamp"":159.00999999046326}"
2025-07-05T03:59:05.867Z,"ðŸš€ ForeverMosh component mounted","{""timestamp"":""2025-07-05T03:59:05.867Z"",""userAgent"":""Mozilla/5.0 (Macintosh; Intel Mac OS X 10_15_7) AppleWebKit/537.36 (KHTML, like Gecko) Chrome/138.0.0.0 Safari/537.36""}"
2025-07-05T03:59:28.967Z,"ðŸŽµ Audio added to raw queue","{""audioId"":""raw-audio-1751687968967-27130"",""originalId"":27130,""duration"":16,""samplerate"":44100,""channels"":2,""queueLength"":1}"
2025-07-05T03:59:28.972Z,"ðŸ“¹ Video added to raw queue","{""videoId"":""raw-video-1751687968972-3163534"",""originalId"":3163534,""duration"":30,""quality"":""sd"",""queueLength"":1}"
2025-07-05T03:59:28.975Z,"ðŸ“¹ Video added to raw queue","{""videoId"":""raw-video-1751687968975-856171"",""originalId"":856171,""duration"":33,""quality"":""hd"",""queueLength"":1}"
2025-07-05T03:59:28.981Z,"ðŸ“¹ Video added to raw queue","{""videoId"":""raw-video-1751687968981-856882"",""originalId"":856882,""duration"":112,""quality"":""sd"",""queueLength"":1}"
2025-07-05T03:59:29.047Z,"ðŸŽµ Audio added to raw queue","{""audioId"":""raw-audio-1751687969047-16796"",""originalId"":16796,""duration"":21,""samplerate"":44100,""channels"":2,""queueLength"":1}"
2025-07-05T03:59:29.053Z,"ðŸŽµ Audio added to raw queue","{""audioId"":""raw-audio-1751687969053-48543"",""originalId"":48543,""duration"":13.7143,""samplerate"":44100,""channels"":2,""queueLength"":1}"
2025-07-05T03:59:29.055Z,"ðŸŽµ Audio added to raw queue","{""audioId"":""raw-audio-1751687969055-48544"",""originalId"":48544,""duration"":13.7143,""samplerate"":44100,""channels"":2,""queueLength"":1}"
2025-07-05T03:59:29.055Z,"ðŸŽµ Audio added to raw queue","{""audioId"":""raw-audio-1751687969055-408741"",""originalId"":408741,""duration"":10.0085,""samplerate"":48000,""channels"":2,""queueLength"":1}"
2025-07-05T03:59:29.061Z,"ðŸ“¹ Video added to raw queue","{""videoId"":""raw-video-1751687969061-1654208"",""originalId"":1654208,""duration"":10,""quality"":""sd"",""queueLength"":1}"
2025-07-05T03:59:29.066Z,"ðŸ“¹ Video added to raw queue","{""videoId"":""raw-video-1751687969066-2324293"",""originalId"":2324293,""duration"":39,""quality"":""hd"",""queueLength"":1}"
2025-07-05T03:59:29.091Z,"ðŸ“¹ Video added to raw queue","{""videoId"":""raw-video-1751687969091-1093652"",""originalId"":1093652,""duration"":10,""quality"":""hd"",""queueLength"":1}"
2025-07-05T03:59:29.165Z,"ðŸ“¹ Video added to raw queue","{""videoId"":""raw-video-1751687969165-856882"",""originalId"":856882,""duration"":112,""quality"":""sd"",""queueLength"":1}"
2025-07-05T03:59:29.208Z,"ðŸ“¹ Video added to raw queue","{""videoId"":""raw-video-1751687969208-1826904"",""originalId"":1826904,""duration"":44,""quality"":""sd"",""queueLength"":1}"
2025-07-05T03:59:29.252Z,"ðŸŽµ Audio added to raw queue","{""audioId"":""raw-audio-1751687969252-251461"",""originalId"":251461,""duration"":34.2857,""samplerate"":44100,""channels"":2,""queueLength"":1}"
2025-07-05T03:59:29.317Z,"ðŸŽµ Audio added to raw queue","{""audioId"":""raw-audio-1751687969317-204196"",""originalId"":204196,""duration"":19.0729,""samplerate"":64000,""channels"":2,""queueLength"":1}"
2025-07-05T03:59:29.322Z,"ðŸŽµ Audio added to raw queue","{""audioId"":""raw-audio-1751687969322-459977"",""originalId"":459977,""duration"":35.6713,""samplerate"":44100,""channels"":2,""queueLength"":1}"
2025-07-05T03:59:29.363Z,"ðŸ“¹ Video added to raw queue","{""videoId"":""raw-video-1751687969363-1085656"",""originalId"":1085656,""duration"":24,""quality"":""sd"",""queueLength"":1}"
2025-07-05T03:59:29.390Z,"ðŸ“¹ Video added to raw queue","{""videoId"":""raw-video-1751687969390-2646392"",""originalId"":2646392,""duration"":60,""quality"":""sd"",""queueLength"":1}"
2025-07-05T03:59:29.582Z,"ðŸ“¹ Video added to raw queue","{""videoId"":""raw-video-1751687969582-3214448"",""originalId"":3214448,""duration"":60,""quality"":""sd"",""queueLength"":1}"
2025-07-05T03:59:29.595Z,"ðŸŽµ Audio added to raw queue","{""audioId"":""raw-audio-1751687969595-28283"",""originalId"":28283,""duration"":31.6484,""samplerate"":44100,""channels"":2,""queueLength"":1}"
2025-07-05T03:59:29.598Z,"ðŸŽµ Audio added to raw queue","{""audioId"":""raw-audio-1751687969598-176066"",""originalId"":176066,""duration"":18.5611,""samplerate"":44100,""channels"":2,""queueLength"":1}"
2025-07-05T03:59:29.636Z,"ðŸ“¹ Video added to raw queue","{""videoId"":""raw-video-1751687969636-856481"",""originalId"":856481,""duration"":29,""quality"":""hd"",""queueLength"":1}"
2025-07-05T03:59:29.671Z,"ðŸŽµ Audio added to raw queue","{""audioId"":""raw-audio-1751687969671-56364"",""originalId"":56364,""duration"":38.4,""samplerate"":44100,""channels"":2,""queueLength"":1}"
2025-07-05T03:59:30.315Z,"ðŸŽµ Audio added to raw queue","{""audioId"":""raw-audio-1751687970314-189635"",""originalId"":189635,""duration"":28.682,""samplerate"":48000,""channels"":2,""queueLength"":1}"
2025-07-05T03:59:33.109Z,"ðŸŽ­ Processing queue item","{""video"":""raw-video-1751687968972-3163534"",""audio"":""raw-audio-1751687968967-27130"",""preset"":{""name"":""Ghost Blend"",""type"":""blend""},""queueLength"":1,""timestamp"":27401.420000001788}"
2025-07-05T04:00:45.579Z,"ðŸŽ­ Built chunks array","{""originalChunks"":900,""processedChunks"":945,""segments"":[{""from"":0,""to"":39,""repeat"":1,""chunkCount"":39,""audio"":""configured""},{""from"":38,""to"":44,""repeat"":39,""chunkCount"":234,""audio"":""configured""},{""from"":4,""to"":50,""repeat"":1,""chunkCount"":46,""audio"":""configured""},{""from"":48,""to"":55,""repeat"":40,""chunkCount"":280,""audio"":""configured""},{""from"":53,""to"":57,""repeat"":25,""chunkCount"":100,""audio"":""configured""},{""from"":90,""to"":120,""repeat"":1,""chunkCount"":30,""audio"":""configured""},{""from"":118,""to"":122,""repeat"":54,""chunkCount"":216,""audio"":""configured""}]}"
2025-07-05T04:00:45.579Z,"ðŸŽ­ Moshing progress","{""progress"":0,""timestamp"":99873.375}"
2025-07-05T04:00:50.100Z,"ðŸŽ­ Moshing progress","{""progress"":1,""timestamp"":104393.65500000119}"
2025-07-05T04:01:00.101Z,"ðŸŽ­ Moshing progress","{""progress"":1,""timestamp"":114394.75}"
2025-07-05T04:01:10.100Z,"ðŸŽ­ Moshing progress","{""progress"":2,""timestamp"":124394.3900000006}"
2025-07-05T04:01:20.100Z,"ðŸŽ­ Moshing progress","{""progress"":3,""timestamp"":134394.58999998868}"
2025-07-05T04:01:30.099Z,"ðŸŽ­ Moshing progress","{""progress"":4,""timestamp"":144393.63499999046}"
2025-07-05T04:01:40.100Z,"ðŸŽ­ Moshing progress","{""progress"":4,""timestamp"":154394.76999999583}"
2025-07-05T04:01:50.100Z,"ðŸŽ­ Moshing progress","{""progress"":5,""timestamp"":164394.65999999642}"
2025-07-05T04:02:00.101Z,"ðŸŽ­ Moshing progress","{""progress"":6,""timestamp"":174395.7800000012}"
2025-07-05T04:02:10.099Z,"ðŸŽ­ Moshing progress","{""progress"":7,""timestamp"":184394.5150000006}"
2025-07-05T04:02:20.100Z,"ðŸŽ­ Moshing progress","{""progress"":7,""timestamp"":194395.0450000018}"
2025-07-05T04:02:30.100Z,"ðŸŽ­ Moshing progress","{""progress"":8,""timestamp"":204395.75999999046}"
2025-07-05T04:02:40.099Z,"ðŸŽ­ Moshing progress","{""progress"":9,""timestamp"":214394.4699999988}"
2025-07-05T04:02:50.098Z,"ðŸŽ­ Moshing progress","{""progress"":10,""timestamp"":224394.22499999404}"
2025-07-05T04:03:00.101Z,"ðŸŽ­ Moshing progress","{""progress"":10,""timestamp"":234396.75}"
2025-07-05T04:03:10.097Z,"ðŸŽ­ Moshing progress","{""progress"":11,""timestamp"":244392.92499999702}"
2025-07-05T04:03:11.280Z,"ðŸŽ­ Moshing progress","{""progress"":12,""timestamp"":245576.11999998987}"
2025-07-05T04:03:11.328Z,"ðŸŽ­ Moshing progress","{""progress"":13,""timestamp"":245623.9699999988}"
2025-07-05T04:03:11.375Z,"ðŸŽ­ Moshing progress","{""progress"":13,""timestamp"":245671.48999999464}"
2025-07-05T04:03:11.424Z,"ðŸŽ­ Moshing progress","{""progress"":14,""timestamp"":245719.90999999642}"
2025-07-05T04:03:11.471Z,"ðŸŽ­ Moshing progress","{""progress"":15,""timestamp"":245767.34999999404}"
2025-07-05T04:03:11.517Z,"ðŸŽ­ Moshing progress","{""progress"":16,""timestamp"":245813.375}"
2025-07-05T04:03:11.565Z,"ðŸŽ­ Moshing progress","{""progress"":16,""timestamp"":245861.42499999702}"
2025-07-05T04:03:11.612Z,"ðŸŽ­ Moshing progress","{""progress"":17,""timestamp"":245907.8900000006}"
2025-07-05T04:03:11.659Z,"ðŸŽ­ Moshing progress","{""progress"":18,""timestamp"":245955.49499998987}"
2025-07-05T04:03:11.707Z,"ðŸŽ­ Moshing progress","{""progress"":19,""timestamp"":246003.3900000006}"
2025-07-05T04:03:11.754Z,"ðŸŽ­ Moshing progress","{""progress"":19,""timestamp"":246050.71499998868}"
2025-07-05T04:03:11.802Z,"ðŸŽ­ Moshing progress","{""progress"":20,""timestamp"":246098.18500000238}"
2025-07-05T04:03:11.848Z,"ðŸŽ­ Moshing progress","{""progress"":21,""timestamp"":246144.5949999988}"
2025-07-05T04:03:11.898Z,"ðŸŽ­ Moshing progress","{""progress"":21,""timestamp"":246193.87999999523}"
2025-07-05T04:03:11.944Z,"ðŸŽ­ Moshing progress","{""progress"":22,""timestamp"":246240.71499998868}"
2025-07-05T04:03:11.992Z,"ðŸŽ­ Moshing progress","{""progress"":23,""timestamp"":246288.625}"
2025-07-05T04:03:12.040Z,"ðŸŽ­ Moshing progress","{""progress"":24,""timestamp"":246336.4549999982}"
2025-07-05T04:03:12.089Z,"ðŸŽ­ Moshing progress","{""progress"":24,""timestamp"":246385.51999999583}"
2025-07-05T04:03:12.138Z,"ðŸŽ­ Moshing progress","{""progress"":25,""timestamp"":246433.97999998927}"
2025-07-05T04:03:12.186Z,"ðŸŽ­ Moshing progress","{""progress"":26,""timestamp"":246482.17999999225}"
2025-07-05T04:03:12.234Z,"ðŸŽ­ Moshing progress","{""progress"":27,""timestamp"":246530.20999999344}"
2025-07-05T04:03:12.282Z,"ðŸŽ­ Moshing progress","{""progress"":27,""timestamp"":246578.1700000018}"
2025-07-05T04:03:12.328Z,"ðŸŽ­ Moshing progress","{""progress"":28,""timestamp"":246624.42999999225}"
2025-07-05T04:03:12.374Z,"ðŸŽ­ Moshing progress","{""progress"":29,""timestamp"":246670.6550000012}"
2025-07-05T04:03:12.423Z,"ðŸŽ­ Moshing progress","{""progress"":30,""timestamp"":246718.7950000018}"
2025-07-05T04:03:12.470Z,"ðŸŽ­ Moshing progress","{""progress"":30,""timestamp"":246766.03499999642}"
2025-07-05T04:03:12.517Z,"ðŸŽ­ Moshing progress","{""progress"":31,""timestamp"":246813.53499999642}"
2025-07-05T04:03:12.565Z,"ðŸŽ­ Moshing progress","{""progress"":32,""timestamp"":246861.44499999285}"
2025-07-05T04:03:12.611Z,"ðŸŽ­ Moshing progress","{""progress"":33,""timestamp"":246907.69999998808}"
2025-07-05T04:03:12.660Z,"ðŸŽ­ Moshing progress","{""progress"":33,""timestamp"":246956.74499998987}"
2025-07-05T04:03:12.707Z,"ðŸŽ­ Moshing progress","{""progress"":34,""timestamp"":247002.98999999464}"
2025-07-05T04:03:12.754Z,"ðŸŽ­ Moshing progress","{""progress"":35,""timestamp"":247049.9699999988}"
2025-07-05T04:03:12.801Z,"ðŸŽ­ Moshing progress","{""progress"":36,""timestamp"":247096.94499999285}"
2025-07-05T04:03:12.849Z,"ðŸŽ­ Moshing progress","{""progress"":36,""timestamp"":247145.31999999285}"
2025-07-05T04:03:12.896Z,"ðŸŽ­ Moshing progress","{""progress"":37,""timestamp"":247192.31000000238}"
2025-07-05T04:03:12.945Z,"ðŸŽ­ Moshing progress","{""progress"":38,""timestamp"":247241.1400000006}"
2025-07-05T04:03:12.992Z,"ðŸŽ­ Moshing progress","{""progress"":39,""timestamp"":247288.72499999404}"
2025-07-05T04:03:13.040Z,"ðŸŽ­ Moshing progress","{""progress"":39,""timestamp"":247336.5150000006}"
2025-07-05T04:03:13.088Z,"ðŸŽ­ Moshing progress","{""progress"":40,""timestamp"":247383.99499998987}"
2025-07-05T04:03:13.137Z,"ðŸŽ­ Moshing progress","{""progress"":41,""timestamp"":247432.84999999404}"
2025-07-05T04:03:13.184Z,"ðŸŽ­ Moshing progress","{""progress"":41,""timestamp"":247480.43999999762}"
2025-07-05T04:03:13.232Z,"ðŸŽ­ Moshing progress","{""progress"":42,""timestamp"":247528.05499999225}"
2025-07-05T04:03:13.279Z,"ðŸŽ­ Moshing progress","{""progress"":43,""timestamp"":247575.66499999166}"
2025-07-05T04:03:13.327Z,"ðŸŽ­ Moshing progress","{""progress"":44,""timestamp"":247623.4699999988}"
2025-07-05T04:03:13.375Z,"ðŸŽ­ Moshing progress","{""progress"":44,""timestamp"":247671.03499999642}"
2025-07-05T04:03:13.424Z,"ðŸŽ­ Moshing progress","{""progress"":45,""timestamp"":247719.8599999994}"
2025-07-05T04:03:13.471Z,"ðŸŽ­ Moshing progress","{""progress"":46,""timestamp"":247767.3299999982}"
2025-07-05T04:03:13.520Z,"ðŸŽ­ Moshing progress","{""progress"":47,""timestamp"":247816.08999998868}"
2025-07-05T04:03:13.567Z,"ðŸŽ­ Moshing progress","{""progress"":47,""timestamp"":247863.5}"
2025-07-05T04:03:13.615Z,"ðŸŽ­ Moshing progress","{""progress"":48,""timestamp"":247911.5450000018}"
2025-07-05T04:03:13.662Z,"ðŸŽ­ Moshing progress","{""progress"":49,""timestamp"":247958.11499999464}"
2025-07-05T04:03:13.708Z,"ðŸŽ­ Moshing progress","{""progress"":50,""timestamp"":248004.25499999523}"
2025-07-05T04:03:13.756Z,"ðŸŽ­ Moshing progress","{""progress"":50,""timestamp"":248052.17499999702}"
2025-07-05T04:03:13.803Z,"ðŸŽ­ Moshing progress","{""progress"":51,""timestamp"":248099.3900000006}"
2025-07-05T04:03:13.852Z,"ðŸŽ­ Moshing progress","{""progress"":52,""timestamp"":248147.91499999166}"
2025-07-05T04:03:13.899Z,"ðŸŽ­ Moshing progress","{""progress"":53,""timestamp"":248195.61999998987}"
2025-07-05T04:03:13.947Z,"ðŸŽ­ Moshing progress","{""progress"":53,""timestamp"":248243.25}"
2025-07-05T04:03:13.995Z,"ðŸŽ­ Moshing progress","{""progress"":54,""timestamp"":248290.94999998808}"
2025-07-05T04:03:14.042Z,"ðŸŽ­ Moshing progress","{""progress"":55,""timestamp"":248338.50999999046}"
2025-07-05T04:03:14.091Z,"ðŸŽ­ Moshing progress","{""progress"":56,""timestamp"":248387.19999998808}"
2025-07-05T04:03:14.139Z,"ðŸŽ­ Moshing progress","{""progress"":56,""timestamp"":248435.44999998808}"
2025-07-05T04:03:14.186Z,"ðŸŽ­ Moshing progress","{""progress"":57,""timestamp"":248482.45999999344}"
2025-07-05T04:03:14.234Z,"ðŸŽ­ Moshing progress","{""progress"":58,""timestamp"":248530.08499999344}"
2025-07-05T04:03:14.282Z,"ðŸŽ­ Moshing progress","{""progress"":59,""timestamp"":248578.68500000238}"
2025-07-05T04:03:14.331Z,"ðŸŽ­ Moshing progress","{""progress"":59,""timestamp"":248627.09999999404}"
2025-07-05T04:03:14.377Z,"ðŸŽ­ Moshing progress","{""progress"":60,""timestamp"":248673.79999999702}"
2025-07-05T04:03:14.425Z,"ðŸŽ­ Moshing progress","{""progress"":61,""timestamp"":248721.75499999523}"
2025-07-05T04:03:14.474Z,"ðŸŽ­ Moshing progress","{""progress"":61,""timestamp"":248769.90999999642}"
2025-07-05T04:03:14.521Z,"ðŸŽ­ Moshing progress","{""progress"":62,""timestamp"":248817.3449999988}"
2025-07-05T04:03:14.569Z,"ðŸŽ­ Moshing progress","{""progress"":63,""timestamp"":248864.92499999702}"
2025-07-05T04:03:14.615Z,"ðŸŽ­ Moshing progress","{""progress"":64,""timestamp"":248911.78499999642}"
2025-07-05T04:03:14.664Z,"ðŸŽ­ Moshing progress","{""progress"":64,""timestamp"":248960.44999998808}"
2025-07-05T04:03:14.713Z,"ðŸŽ­ Moshing progress","{""progress"":65,""timestamp"":249008.9849999994}"
2025-07-05T04:03:14.761Z,"ðŸŽ­ Moshing progress","{""progress"":66,""timestamp"":249056.8449999988}"
2025-07-05T04:03:14.808Z,"ðŸŽ­ Moshing progress","{""progress"":67,""timestamp"":249103.94999998808}"
2025-07-05T04:03:14.857Z,"ðŸŽ­ Moshing progress","{""progress"":67,""timestamp"":249153.54999999702}"
2025-07-05T04:03:14.904Z,"ðŸŽ­ Moshing progress","{""progress"":68,""timestamp"":249200.67999999225}"
2025-07-05T04:03:14.953Z,"ðŸŽ­ Moshing progress","{""progress"":69,""timestamp"":249249.20999999344}"
2025-07-05T04:03:15.002Z,"ðŸŽ­ Moshing progress","{""progress"":70,""timestamp"":249298.4050000012}"
2025-07-05T04:03:15.098Z,"ðŸŽ­ Moshing progress","{""progress"":70,""timestamp"":249394.7049999982}"
2025-07-05T04:03:21.725Z,"ðŸŽ­ Moshing progress","{""progress"":80,""timestamp"":256021.14999999106}"
2025-07-05T04:03:21.744Z,"ðŸŽ­ Moshing progress","{""progress"":85,""timestamp"":256040.2349999994}"
2025-07-05T04:03:28.914Z,"ðŸŽ­ Moshing progress","{""progress"":95,""timestamp"":263210.9399999976}"
2025-07-05T04:03:28.915Z,"ðŸŽ­ Moshing progress","{""progress"":100,""timestamp"":263211.8900000006}"
2025-07-05T04:03:28.916Z,"ðŸŽ­ Supermosh processing complete","{""processingTime"":""235810.07ms"",""finalDuration"":""5.0s"",""segmentsCount"":7,""audioConfigured"":true}"
2025-07-05T04:03:28.917Z,"ðŸŽµ Audio was chopped into video","{""audioId"":""raw-audio-1751687968967-27130"",""videoId"":""moshed-supermosh-1751688208916-3163534"",""audioIncluded"":true}"
2025-07-05T04:03:28.917Z,"ðŸ“Š Stats updated after processing","{""videosProcessed"":1,""queueLength"":1,""audioIncluded"":true,""processingTime"":235810.07499998808}"
2025-07-05T04:03:28.917Z,"âœ… Processed and queued video","{""processedVideoId"":""moshed-supermosh-1751688208916-3163534"",""audioId"":""raw-audio-1751687968967-27130"",""preset"":""supermosh""}"
2025-07-05T04:03:28.917Z,"ðŸŽ­ Video queue updated","{""previousLength"":0,""newLength"":1,""addedVideo"":""moshed-supermosh-1751688208916-3163534"",""queueIds"":[""moshed-supermosh-1751688208916-3163534""],""audioIncluded"":true}"
2025-07-05T04:03:28.917Z,"ðŸŽ­ Video queue updated","{""previousLength"":0,""newLength"":1,""addedVideo"":""moshed-supermosh-1751688208916-3163534"",""queueIds"":[""moshed-supermosh-1751688208916-3163534""],""audioIncluded"":true}"
2025-07-05T04:03:30.928Z,"ðŸŽ­ Processing queue item","{""video"":""raw-video-1751687968975-856171"",""audio"":""raw-audio-1751687969047-16796"",""preset"":{""name"":""Random Chaos"",""type"":""random""},""queueLength"":1,""timestamp"":265224.125}"
2025-07-05T04:05:47.321Z,"ðŸŽ­ Built chunks array","{""originalChunks"":992,""processedChunks"":945,""segments"":[{""from"":0,""to"":39,""repeat"":1,""chunkCount"":39,""audio"":""configured""},{""from"":38,""to"":44,""repeat"":39,""chunkCount"":234,""audio"":""configured""},{""from"":4,""to"":50,""repeat"":1,""chunkCount"":46,""audio"":""configured""},{""from"":48,""to"":55,""repeat"":40,""chunkCount"":280,""audio"":""configured""},{""from"":53,""to"":57,""repeat"":25,""chunkCount"":100,""audio"":""configured""},{""from"":90,""to"":120,""repeat"":1,""chunkCount"":30,""audio"":""configured""},{""from"":118,""to"":122,""repeat"":54,""chunkCount"":216,""audio"":""configured""}]}"
2025-07-05T04:05:47.322Z,"ðŸŽ­ Moshing progress","{""progress"":0,""timestamp"":401620.4649999887}"
2025-07-05T04:05:47.655Z,"ðŸŽ­ Moshing progress","{""progress"":1,""timestamp"":401953.53999999166}"
2025-07-05T04:05:47.989Z,"ðŸŽ­ Moshing progress","{""progress"":1,""timestamp"":402287.5600000024}"
2025-07-05T04:05:48.324Z,"ðŸŽ­ Moshing progress","{""progress"":2,""timestamp"":402622.2299999893}"
2025-07-05T04:05:48.656Z,"ðŸŽ­ Moshing progress","{""progress"":3,""timestamp"":402954.424999997}"
2025-07-05T04:05:48.990Z,"ðŸŽ­ Moshing progress","{""progress"":4,""timestamp"":403288.9099999964}"
2025-07-05T04:05:49.323Z,"ðŸŽ­ Moshing progress","{""progress"":4,""timestamp"":403621.9350000024}"
2025-07-05T04:05:49.657Z,"ðŸŽ­ Moshing progress","{""progress"":5,""timestamp"":403955.55499999225}"
2025-07-05T04:05:49.990Z,"ðŸŽ­ Moshing progress","{""progress"":6,""timestamp"":404288.87999999523}"
2025-07-05T04:05:50.323Z,"ðŸŽ­ Moshing progress","{""progress"":7,""timestamp"":404622.2299999893}"
2025-07-05T04:05:50.657Z,"ðŸŽ­ Moshing progress","{""progress"":7,""timestamp"":404955.5799999982}"
2025-07-05T04:05:50.990Z,"ðŸŽ­ Moshing progress","{""progress"":8,""timestamp"":405288.37999999523}"
2025-07-05T04:05:51.322Z,"ðŸŽ­ Moshing progress","{""progress"":9,""timestamp"":405620.9649999887}"
2025-07-05T04:05:51.657Z,"ðŸŽ­ Moshing progress","{""progress"":10,""timestamp"":405955.4099999964}"
2025-07-05T04:05:51.990Z,"ðŸŽ­ Moshing progress","{""progress"":10,""timestamp"":406288.8149999976}"
2025-07-05T04:05:52.323Z,"ðŸŽ­ Moshing progress","{""progress"":11,""timestamp"":406622.17999999225}"
2025-07-05T04:05:52.657Z,"ðŸŽ­ Moshing progress","{""progress"":12,""timestamp"":406955.4799999893}"
2025-07-05T04:05:52.989Z,"ðŸŽ­ Moshing progress","{""progress"":13,""timestamp"":407287.5949999988}"
2025-07-05T04:05:53.323Z,"ðŸŽ­ Moshing progress","{""progress"":13,""timestamp"":407621.4499999881}"
2025-07-05T04:05:53.656Z,"ðŸŽ­ Moshing progress","{""progress"":14,""timestamp"":407954.31999999285}"
2025-07-05T04:05:53.990Z,"ðŸŽ­ Moshing progress","{""progress"":15,""timestamp"":408288.9499999881}"
2025-07-05T04:05:54.323Z,"ðŸŽ­ Moshing progress","{""progress"":16,""timestamp"":408622.11499999464}"
2025-07-05T04:05:54.655Z,"ðŸŽ­ Moshing progress","{""progress"":16,""timestamp"":408954.22499999404}"
2025-07-05T04:05:54.988Z,"ðŸŽ­ Moshing progress","{""progress"":17,""timestamp"":409286.63499999046}"
2025-07-05T04:05:55.322Z,"ðŸŽ­ Moshing progress","{""progress"":18,""timestamp"":409620.69499999285}"
2025-07-05T04:05:55.654Z,"ðŸŽ­ Moshing progress","{""progress"":19,""timestamp"":409953.3449999988}"
2025-07-05T04:05:55.988Z,"ðŸŽ­ Moshing progress","{""progress"":19,""timestamp"":410287.11999998987}"
2025-07-05T04:05:56.322Z,"ðŸŽ­ Moshing progress","{""progress"":20,""timestamp"":410621.3299999982}"
2025-07-05T04:05:56.656Z,"ðŸŽ­ Moshing progress","{""progress"":21,""timestamp"":410954.70999999344}"
2025-07-05T04:05:56.988Z,"ðŸŽ­ Moshing progress","{""progress"":21,""timestamp"":411286.70999999344}"
2025-07-05T04:05:57.321Z,"ðŸŽ­ Moshing progress","{""progress"":22,""timestamp"":411620.05499999225}"
2025-07-05T04:05:57.655Z,"ðŸŽ­ Moshing progress","{""progress"":23,""timestamp"":411953.3949999958}"
2025-07-05T04:05:57.989Z,"ðŸŽ­ Moshing progress","{""progress"":24,""timestamp"":412287.99499998987}"
2025-07-05T04:05:58.321Z,"ðŸŽ­ Moshing progress","{""progress"":24,""timestamp"":412620}"
2025-07-05T04:05:58.655Z,"ðŸŽ­ Moshing progress","{""progress"":25,""timestamp"":412953.424999997}"
2025-07-05T04:05:58.988Z,"ðŸŽ­ Moshing progress","{""progress"":26,""timestamp"":413286.69499999285}"
2025-07-05T04:05:59.321Z,"ðŸŽ­ Moshing progress","{""progress"":27,""timestamp"":413620.05499999225}"
2025-07-05T04:05:59.654Z,"ðŸŽ­ Moshing progress","{""progress"":27,""timestamp"":413953.375}"
2025-07-05T04:05:59.989Z,"ðŸŽ­ Moshing progress","{""progress"":28,""timestamp"":414287.91499999166}"
2025-07-05T04:06:00.322Z,"ðŸŽ­ Moshing progress","{""progress"":29,""timestamp"":414621.30499999225}"
2025-07-05T04:06:00.654Z,"ðŸŽ­ Moshing progress","{""progress"":30,""timestamp"":414953.3900000006}"
2025-07-05T04:06:00.988Z,"ðŸŽ­ Moshing progress","{""progress"":30,""timestamp"":415286.7049999982}"
2025-07-05T04:06:01.322Z,"ðŸŽ­ Moshing progress","{""progress"":31,""timestamp"":415621.3399999887}"
2025-07-05T04:06:01.654Z,"ðŸŽ­ Moshing progress","{""progress"":32,""timestamp"":415953.3299999982}"
2025-07-05T04:06:01.988Z,"ðŸŽ­ Moshing progress","{""progress"":33,""timestamp"":416286.73999999464}"
2025-07-05T04:06:02.322Z,"ðŸŽ­ Moshing progress","{""progress"":33,""timestamp"":416621.3449999988}"
2025-07-05T04:06:02.654Z,"ðŸŽ­ Moshing progress","{""progress"":34,""timestamp"":416953.4050000012}"
2025-07-05T04:06:02.988Z,"ðŸŽ­ Moshing progress","{""progress"":35,""timestamp"":417286.77499999106}"
2025-07-05T04:06:03.322Z,"ðŸŽ­ Moshing progress","{""progress"":36,""timestamp"":417621.3449999988}"
2025-07-05T04:06:03.654Z,"ðŸŽ­ Moshing progress","{""progress"":36,""timestamp"":417953.34999999404}"
2025-07-05T04:06:03.988Z,"ðŸŽ­ Moshing progress","{""progress"":37,""timestamp"":418286.6850000024}"
2025-07-05T04:06:04.322Z,"ðŸŽ­ Moshing progress","{""progress"":38,""timestamp"":418621.33499999344}"
2025-07-05T04:06:04.654Z,"ðŸŽ­ Moshing progress","{""progress"":39,""timestamp"":418953.3449999988}"
2025-07-05T04:06:04.988Z,"ðŸŽ­ Moshing progress","{""progress"":39,""timestamp"":419286.73999999464}"
2025-07-05T04:06:05.321Z,"ðŸŽ­ Moshing progress","{""progress"":40,""timestamp"":419620.0899999887}"
2025-07-05T04:06:05.654Z,"ðŸŽ­ Moshing progress","{""progress"":41,""timestamp"":419953.22499999404}"
2025-07-05T04:06:05.988Z,"ðŸŽ­ Moshing progress","{""progress"":41,""timestamp"":420286.7199999988}"
2025-07-05T04:06:06.321Z,"ðŸŽ­ Moshing progress","{""progress"":42,""timestamp"":420620}"
2025-07-05T04:06:06.654Z,"ðŸŽ­ Moshing progress","{""progress"":43,""timestamp"":420953.36499999464}"
2025-07-05T04:06:06.988Z,"ðŸŽ­ Moshing progress","{""progress"":44,""timestamp"":421286.625}"
2025-07-05T04:06:07.321Z,"ðŸŽ­ Moshing progress","{""progress"":44,""timestamp"":421619.99499998987}"
2025-07-05T04:06:07.655Z,"ðŸŽ­ Moshing progress","{""progress"":45,""timestamp"":421954.174999997}"
2025-07-05T04:06:07.988Z,"ðŸŽ­ Moshing progress","{""progress"":46,""timestamp"":422286.67999999225}"
2025-07-05T04:06:08.322Z,"ðŸŽ­ Moshing progress","{""progress"":47,""timestamp"":422621.2950000018}"
2025-07-05T04:06:08.654Z,"ðŸŽ­ Moshing progress","{""progress"":47,""timestamp"":422953.299999997}"
2025-07-05T04:06:08.989Z,"ðŸŽ­ Moshing progress","{""progress"":48,""timestamp"":423287.549999997}"
2025-07-05T04:06:09.321Z,"ðŸŽ­ Moshing progress","{""progress"":49,""timestamp"":423619.9849999994}"
2025-07-05T04:06:09.654Z,"ðŸŽ­ Moshing progress","{""progress"":50,""timestamp"":423953.4050000012}"
2025-07-05T04:06:09.987Z,"ðŸŽ­ Moshing progress","{""progress"":50,""timestamp"":424286.5349999964}"
2025-07-05T04:06:10.321Z,"ðŸŽ­ Moshing progress","{""progress"":51,""timestamp"":424619.98999999464}"
2025-07-05T04:06:10.654Z,"ðŸŽ­ Moshing progress","{""progress"":52,""timestamp"":424953.3299999982}"
2025-07-05T04:06:10.988Z,"ðŸŽ­ Moshing progress","{""progress"":53,""timestamp"":425286.7349999994}"
2025-07-05T04:06:11.322Z,"ðŸŽ­ Moshing progress","{""progress"":53,""timestamp"":425621.3149999976}"
2025-07-05T04:06:11.654Z,"ðŸŽ­ Moshing progress","{""progress"":54,""timestamp"":425953.3149999976}"
2025-07-05T04:06:11.989Z,"ðŸŽ­ Moshing progress","{""progress"":55,""timestamp"":426287.97499999404}"
2025-07-05T04:06:12.322Z,"ðŸŽ­ Moshing progress","{""progress"":56,""timestamp"":426621.2699999958}"
2025-07-05T04:06:12.654Z,"ðŸŽ­ Moshing progress","{""progress"":56,""timestamp"":426953.3599999994}"
2025-07-05T04:06:12.988Z,"ðŸŽ­ Moshing progress","{""progress"":57,""timestamp"":427286.6850000024}"
2025-07-05T04:06:13.321Z,"ðŸŽ­ Moshing progress","{""progress"":58,""timestamp"":427620.049999997}"
2025-07-05T04:06:13.654Z,"ðŸŽ­ Moshing progress","{""progress"":59,""timestamp"":427953.3149999976}"
2025-07-05T04:06:13.989Z,"ðŸŽ­ Moshing progress","{""progress"":59,""timestamp"":428288.03999999166}"
2025-07-05T04:06:14.321Z,"ðŸŽ­ Moshing progress","{""progress"":60,""timestamp"":428619.9499999881}"
2025-07-05T04:06:14.654Z,"ðŸŽ­ Moshing progress","{""progress"":61,""timestamp"":428953.3299999982}"
2025-07-05T04:06:14.988Z,"ðŸŽ­ Moshing progress","{""progress"":61,""timestamp"":429287.2299999893}"
2025-07-05T04:06:15.321Z,"ðŸŽ­ Moshing progress","{""progress"":62,""timestamp"":429620.0150000006}"
2025-07-05T04:06:15.654Z,"ðŸŽ­ Moshing progress","{""progress"":63,""timestamp"":429953.3549999893}"
2025-07-05T04:06:15.988Z,"ðŸŽ­ Moshing progress","{""progress"":64,""timestamp"":430286.67999999225}"
2025-07-05T04:06:16.322Z,"ðŸŽ­ Moshing progress","{""progress"":64,""timestamp"":430621.23999999464}"
2025-07-05T04:06:16.654Z,"ðŸŽ­ Moshing progress","{""progress"":65,""timestamp"":430953.3100000024}"
2025-07-05T04:06:16.989Z,"ðŸŽ­ Moshing progress","{""progress"":66,""timestamp"":431287.77499999106}"
2025-07-05T04:06:17.321Z,"ðŸŽ­ Moshing progress","{""progress"":67,""timestamp"":431620.06999999285}"
2025-07-05T04:06:17.654Z,"ðŸŽ­ Moshing progress","{""progress"":67,""timestamp"":431953.37999999523}"
2025-07-05T04:06:17.988Z,"ðŸŽ­ Moshing progress","{""progress"":68,""timestamp"":432286.7149999887}"
2025-07-05T04:06:18.322Z,"ðŸŽ­ Moshing progress","{""progress"":69,""timestamp"":432621.375}"
2025-07-05T04:06:18.654Z,"ðŸŽ­ Moshing progress","{""progress"":70,""timestamp"":432953.3449999988}"
2025-07-05T04:06:18.903Z,"ðŸŽ­ Moshing progress","{""progress"":70,""timestamp"":433202.2299999893}"
2025-07-05T04:06:27.713Z,"ðŸŽ­ Moshing progress","{""progress"":80,""timestamp"":442012.0600000024}"
2025-07-05T04:06:27.724Z,"ðŸŽ­ Moshing progress","{""progress"":85,""timestamp"":442023.34999999404}"
2025-07-05T04:07:20.914Z,"ðŸ“¹ Fetching raw video from Pexels","{""timestamp"":495213.7699999958}"
2025-07-05T04:07:20.914Z,"ðŸŽµ Fetching raw audio from Freesound","{""timestamp"":495213.97499999404}"
2025-07-05T04:07:22.300Z,"ðŸŽµ Audio added to raw queue","{""audioId"":""raw-audio-1751688442300-9695"",""originalId"":9695,""duration"":18.6456,""samplerate"":44100,""channels"":2,""queueLength"":11}"
2025-07-05T04:07:22.355Z,"ðŸ“¹ Video added to raw queue","{""videoId"":""raw-video-1751688442355-2254244"",""originalId"":2254244,""duration"":27,""quality"":""hd"",""queueLength"":11}"
2025-07-05T04:07:37.025Z,"ðŸŽ­ Moshing progress","{""progress"":95,""timestamp"":511325.52499999106}"
2025-07-05T04:07:37.026Z,"ðŸŽ­ Moshing progress","{""progress"":100,""timestamp"":511326.5349999964}"
2025-07-05T04:07:37.028Z,"ðŸŽ­ Supermosh processing complete","{""processingTime"":""246102.64ms"",""finalDuration"":""4.5s"",""segmentsCount"":7,""audioConfigured"":true}"
2025-07-05T04:07:37.028Z,"ðŸŽµ Audio was chopped into video","{""audioId"":""raw-audio-1751687969047-16796"",""videoId"":""moshed-supermosh-1751688457028-856171"",""audioIncluded"":true}"
2025-07-05T04:07:37.028Z,"ðŸ“Š Stats updated after processing","{""videosProcessed"":2,""queueLength"":2,""audioIncluded"":true,""processingTime"":246102.63500000536}"
2025-07-05T04:07:37.028Z,"âœ… Processed and queued video","{""processedVideoId"":""moshed-supermosh-1751688457028-856171"",""audioId"":""raw-audio-1751687969047-16796"",""preset"":""supermosh""}"
2025-07-05T04:07:37.028Z,"ðŸŽ­ Video queue updated","{""previousLength"":0,""newLength"":1,""addedVideo"":""moshed-supermosh-1751688457028-856171"",""queueIds"":[""moshed-supermosh-1751688457028-856171""],""audioIncluded"":true}"
2025-07-05T04:07:37.028Z,"ðŸŽ­ Video queue updated","{""previousLength"":0,""newLength"":1,""addedVideo"":""moshed-supermosh-1751688457028-856171"",""queueIds"":[""moshed-supermosh-1751688457028-856171""],""audioIncluded"":true}"
2025-07-05T04:07:39.031Z,"ðŸŽ­ Processing queue item","{""video"":""raw-video-1751687968981-856882"",""audio"":""raw-audio-1751687969053-48543"",""preset"":{""name"":""Classic Melt"",""type"":""classic""},""queueLength"":1,""timestamp"":513331.11499999464}"
2025-07-05T04:08:09.032Z,"ðŸ”„ Periodic fetch check","{""totalVideosInPipeline"":11,""readyQueue"":0,""processingQueue"":1,""rawVideoQueue"":10,""rawAudioQueue"":10}"
2025-07-05T04:08:09.032Z,"âœ… Video pipeline is full, skipping video fetch","{""totalVideosInPipeline"":11}"
2025-07-05T04:08:39.031Z,"ðŸ”„ Periodic fetch check","{""totalVideosInPipeline"":11,""readyQueue"":0,""processingQueue"":1,""rawVideoQueue"":10,""rawAudioQueue"":10}"
2025-07-05T04:08:39.031Z,"âœ… Video pipeline is full, skipping video fetch","{""totalVideosInPipeline"":11}"
2025-07-05T04:09:09.031Z,"ðŸ”„ Periodic fetch check","{""totalVideosInPipeline"":11,""readyQueue"":0,""processingQueue"":1,""rawVideoQueue"":10,""rawAudioQueue"":10}"
2025-07-05T04:09:09.031Z,"âœ… Video pipeline is full, skipping video fetch","{""totalVideosInPipeline"":11}"
2025-07-05T04:09:39.030Z,"ðŸ”„ Periodic fetch check","{""totalVideosInPipeline"":11,""readyQueue"":0,""processingQueue"":1,""rawVideoQueue"":10,""rawAudioQueue"":10}"
2025-07-05T04:09:39.030Z,"âœ… Video pipeline is full, skipping video fetch","{""totalVideosInPipeline"":11}"
